Time (s),Volume (m^3),N2,Ar,He,Ne,toluene(1),tolyl(2),C7H8O(3),MHCHD(4),C7H6O(5),O2(6),C7H7O2(7),OH(8),C7H6O2(9),C7H6O2(10),H2O(14),S(514),S(513),S(512),S(656),S(637),S(872),S(871),S(870),HO2(15)
0.0,0.02477712656,0.7899999999209992,0.0,0.0,0.0,9.999999998999991e-11,0.0,0.0,0.0,0.0,0.2099999999789998,0.0,9.999999998999991e-16,0.0,0.0,0.0,0.0,0.0,0.0,0.0,0.0,0.0,0.0,0.0,0.0
1e-15,0.02477712656,0.7899999999209992,0.0,0.0,0.0,9.999999998999991e-11,6.068196777858957e-34,1.0018725032873816e-47,5.910362336528056e-38,0.0,0.2099999999789998,1.3889046091714227e-42,9.999999998999991e-16,4.7397667483638344e-66,0.0,6.068196791747986e-34,2.98755274388304e-46,8.204363692994105e-47,1.8495501530130438e-47,2.0116237961832652e-54,2.7961381095436726e-56,2.4009485838405512e-64,4.624706732477505e-65,8.750051813898796e-66,1.1714317971299116e-47
3.0000000000000002e-15,0.02477712656,0.7899999999209992,0.0,0.0,0.0,9.999999998999991e-11,1.4159125785682917e-33,4.452766661747244e-47,1.379084536548853e-37,0.0,0.2099999999789998,6.172909365146948e-42,9.999999998999991e-16,5.219594956028528e-65,0.0,1.4159125847411961e-33,1.3278010849774706e-45,3.646379604694174e-46,8.219998423031706e-47,1.460099906010174e-53,2.0297891324454406e-55,2.6440075505261946e-63,5.09287556803668e-64,9.635670703032992e-65,4.848405014046479e-47
7e-15,0.02477712656,0.7899999999209992,0.0,0.0,0.0,9.999999998999991e-11,3.84319126008191e-33,2.9833536094374287e-46,3.7432293838408713e-37,0.0,0.2099999999789998,4.1358492499371157e-41,9.999999998999991e-16,2.4480601705466726e-63,0.0,3.84319130144039e-33,8.896263554439784e-45,2.4430625740434042e-45,5.5067791161036466e-46,2.5401231782088613e-52,3.533489942255466e-54,1.240075042318822e-61,2.3885969658393157e-62,4.518757091997268e-63,3.0907411622043644e-46
1.5e-14,0.02477712656,0.7899999999209992,0.0,0.0,0.0,9.999999998999991e-11,8.697748534219255e-33,1.4471490924946537e-45,8.471518816472984e-37,0.0,0.2099999999789998,2.006195510420536e-40,9.999999998999991e-16,5.105629447911313e-62,0.0,8.697748734838778e-33,4.315348527528301e-44,1.1850575456050342e-44,2.670665584835522e-45,2.573957624997497e-51,3.5844415876247713e-53,2.5862777026829816e-60,4.9815126412831866e-61,9.422546412470432e-62,1.4714525912787498e-45
3.1e-14,0.02477712656,0.7899999999209992,0.0,0.0,0.0,9.999999998999991e-11,1.8406862726934388e-32,6.3095696430168e-45,1.7928096633970217e-36,0.0,0.2099999999789998,8.747012242032169e-40,9.999999998999991e-16,9.124325337472882e-61,0.0,1.8406863601635557e-32,1.881489201470585e-43,5.166763614034277e-44,1.1639505617575602e-44,2.275742783176477e-50,3.175956562240874e-52,4.621964399593362e-59,8.902154907845046e-60,1.683313776226691e-60,6.361002628815702e-45
6.300000000000001e-14,0.02477712656,0.7899999999209992,0.0,0.0,0.0,9.999999998999991e-11,3.782508969012653e-32,2.6293580820533575e-44,3.684124807822193e-36,0.0,0.2099999999789998,3.6451026906596454e-39,9.999999998999991e-16,1.537297573893423e-59,0.0,3.782509333522911e-32,7.840621905656758e-43,2.1530493988967593e-43,4.846657968790744e-44,1.902085932449515e-49,2.6658534907521893e-51,7.787242800440068e-58,1.4997443507855062e-58,2.8340877004380904e-59,2.63992727803621e-44
1.2700000000000001e-13,0.02477712656,0.7899999999209992,0.0,0.0,0.0,9.999999998999991e-11,7.666153792755917e-32,1.0729826529860308e-43,7.466753420635057e-36,0.0,0.2099999999789998,1.4874857270756295e-38,9.999999998999991e-16,2.5221439824421694e-58,0.0,7.666155280241622e-32,3.199565822174354e-42,8.785526231940873e-43,1.974703597063898e-43,1.5444947320628313e-48,2.1831286832777717e-50,1.277601844422145e-56,2.460135342440688e-57,4.643099395789485e-58,1.0751247520649108e-43
2.55e-13,0.02477712656,0.7899999999209992,0.0,0.0,0.0,9.999999998999991e-11,1.5433441164662453e-31,4.3345413732891835e-43,1.5032003944178594e-35,0.0,0.2099999999789998,6.009016635286583e-38,9.999999998999991e-16,4.085649202033597e-57,0.0,1.5433447173679043e-31,1.2925181483865767e-41,3.5486231382395e-42,7.952220242304784e-43,1.2291368651597176e-47,1.766768960239889e-49,2.0696003545532705e-55,3.983913482386086e-56,7.500103758990955e-57,4.338853831329285e-43
5.11e-13,0.02477712656,0.7899999999209992,0.0,0.0,0.0,9.999999998999991e-11,3.0968006806160887e-31,1.7423507310540186e-42,3.016247819933297e-35,0.0,0.2099999999789998,2.4154393087022947e-37,9.99999999899999e-16,6.577309903704262e-56,0.0,3.096803096055388e-31,5.195404865356737e-41,1.4260528722395612e-41,3.176610874039932e-42,9.570623578113356e-47,1.42153808768463e-48,3.3317564078749593e-54,6.409389422360003e-55,1.2006068058733337e-55,1.743216048650327e-42
1e-12,0.02477712656,0.7899999999209992,0.0,0.0,0.0,9.999999998999991e-11,6.064141968365874e-31,6.750898176092156e-42,5.906394593282178e-35,0.0,0.2099999999789998,9.358854295427553e-37,9.999999998999985e-16,1.011128279674338e-54,0.0,6.064151327220152e-31,2.0129190160377352e-40,5.522440276564436e-41,1.215802656713978e-41,6.930768184995815e-46,1.0956336279954705e-47,5.121889909085306e-53,9.840469911144152e-54,1.8251794589699717e-54,6.752592638636298e-42
1.023e-12,0.02477712656,0.7899999999209992,0.0,0.0,0.0,9.999999998999991e-11,6.203710167994187e-31,6.986474027290268e-42,6.042331967079773e-35,0.0,0.2099999999789998,9.68543618641872e-37,9.999999998999985e-16,1.0555928382728202e-54,0.0,6.203719853430356e-31,2.083159723969325e-40,5.715112894763765e-41,1.2580465342070856e-41,7.211740033718193e-46,1.1404803270593174e-47,5.347125958514447e-53,1.0273167686777869e-53,1.9053793197118954e-54,6.988207488472039e-42
2.047e-12,0.02477712656,0.7899999999209992,0.0,0.0,0.0,9.999999998999991e-11,1.2417514579098162e-30,2.797996690883756e-41,1.209445754544672e-34,0.0,0.2099999999789998,3.8789082157355175e-36,9.99999999899998e-16,1.6915201205364982e-53,0.0,1.2417553368180285e-30,8.342061042985202e-40,2.286376382558396e-40,4.916741846070979e-41,5.1483587916838274e-45,9.136800682263142e-47,8.568390152429346e-52,1.6419744008370626e-52,2.9866403640248517e-53,2.7983436657204144e-41
4.095e-12,0.02477712656,0.7899999999209992,0.0,0.0,0.0,9.999999998999991e-11,2.4845065146970303e-30,1.1198734724749996e-40,2.4198538583905805e-34,0.0,0.2099999999789998,1.5525070989073824e-35,9.999999998999968e-16,2.708462178215783e-52,0.0,2.4845220397680136e-30,3.3382515701821874e-39,9.131419880126823e-40,1.8768735933033587e-40,3.3788283068255077e-44,7.314547220096902e-46,1.3719586188633505e-50,2.6156695074089658e-51,4.582085788325699e-52,1.1199428957045836e-40
8.191e-12,0.02477712656,0.7899999999209992,0.0,0.0,0.0,9.999999998999991e-11,4.969993326755586e-30,4.480789981194708e-40,4.840602545018892e-34,0.0,0.2099999999789998,6.211891239799919e-35,9.999999998999942e-16,4.335074665195526e-51,0.0,4.970055445667976e-30,1.3352235601391023e-38,3.638034150367823e-39,6.868731395792724e-40,1.980670417855547e-43,5.853556467366923e-45,2.1958727147795502e-49,4.144111213366936e-50,6.766546976523328e-51,4.4809288559516924e-40
1e-11,0.02477712656,0.7899999999209992,0.0,0.0,0.0,9.999999998999991e-11,6.06768896633327e-30,7.449682769993096e-40,5.909668252618077e-34,0.0,0.2099999999789998,1.0327896190783445e-34,9.999999998999932e-16,1.869656842159679e-50,0.0,6.067792245295177e-30,2.2191071744060806e-38,6.021312585245627e-39,1.0523345586179993e-39,3.811121657354512e-43,1.490310530423528e-44,9.470217147043494e-49,1.7581817729887227e-49,2.597013724100073e-50,7.449852318169953e-40
1.6383e-11,0.02477712656,0.7899999999209992,0.0,0.0,0.0,9.999999998999991e-11,9.940873746556795e-30,1.7925328248655394e-39,9.681833212046262e-34,0.0,0.2099999999789998,2.4851091106276996e-34,9.999999998999893e-16,6.937065059246977e-50,0.0,9.941122257467878e-30,5.337862901253024e-38,1.4430636106431376e-38,2.3418537613400506e-39,1.0269811685945933e-42,4.683415573305268e-44,3.513751427868568e-48,6.499634547723324e-49,9.372940570875043e-50,1.7925606027036253e-39
3.2767e-11,0.02477712656,0.7899999999209992,0.0,0.0,0.0,9.999999998999991e-11,1.9882261782875776e-29,7.170231609598807e-39,1.9363246867475065e-33,0.0,0.2099999999789998,9.94098191487655e-34,9.999999998999794e-16,1.1099168104934932e-48,0.0,1.9883255881067583e-29,2.1322504916865757e-37,5.676029238288966e-38,7.190690605536312e-39,4.7949636107545534e-42,3.74664944573798e-43,5.62153698771778e-47,1.0001230975908436e-47,1.1807236943613306e-48,7.170287169072141e-39
6.5535e-11,0.02477712656,0.7899999999209992,0.0,0.0,0.0,9.999999998999991e-11,3.9763546754212944e-29,2.867852109968134e-38,3.8721982744357475e-33,0.0,0.2099999999789998,3.976374050767682e-33,9.999999998999595e-16,1.775575858515974e-47,0.0,3.9767523128266594e-29,8.505019618090536e-37,2.1966804143610646e-37,1.943786427335007e-38,2.0827680327756123e-41,2.99679804040734e-42,8.991717057813971e-46,1.4859792344679233e-46,1.322632783950583e-47,2.867863223698992e-38
9.999999999999999e-11,0.02477712656,0.7899999999209992,0.0,0.0,0.0,9.999999998999991e-11,6.067131409855658e-29,7.391097520301229e-38,5.9074952076745423e-33,0.0,0.2099999999789998,1.0249272453924986e-32,9.999999998999386e-16,1.5776232602535663e-46,0.0,6.068156337102435e-29,2.1822267514034774e-36,5.378574690019444e-37,3.3716762393523217e-38,5.5410711569192e-41,1.4023688874310146e-41,7.987130424191502e-45,1.164053313676794e-45,7.565558179832748e-47,7.391114491893805e-38
1.31071e-10,0.02477712656,0.7899999999209992,0.0,0.0,0.0,9.999999998999991e-11,7.952015318621366e-29,1.1468908579185885e-37,7.742362783843486e-33,0.0,0.2099999999789998,1.5904436425620928e-32,9.999999998999197e-16,2.8398150655442553e-46,0.0,7.953605762266303e-29,3.382807657757412e-36,8.24712646831573e-37,4.6589521525741406e-38,8.658811948164388e-41,2.396468771661957e-41,1.437709024835284e-44,2.0795099923315566e-45,1.319370078756392e-46,1.1468930831777198e-37
2.62143e-10,0.02477712656,0.7899999999209992,0.0,0.0,0.0,9.999999998999991e-11,1.5900951916161088e-28,4.585527324900121e-37,1.5476686558451462e-32,0.0,0.2099999999789998,6.360744964733123e-32,9.999999998998402e-16,4.540111545064899e-45,0.0,1.5907312661144957e-28,1.3379857414031685e-35,2.934071927834405e-36,1.0245394132697701e-37,3.502586825562461e-40,1.9156078634813798e-40,2.2972202564075332e-43,2.6570073194484943e-44,1.2012460886830797e-45,4.585531815168127e-37
5.24287e-10,0.02477712656,0.7899999999209992,0.0,0.0,0.0,9.999999998999991e-11,3.1789292075639134e-28,1.8326688325249724e-36,3.0923251671658933e-32,0.0,0.2099999999789998,2.5434383107288335e-31,9.99999999899681e-16,7.252912266261161e-44,0.0,3.181472645889974e-28,5.234675864573391e-35,9.57516731596973e-36,2.145431158268408e-37,1.3859189979470431e-39,1.5300317794410707e-39,3.665719833023407e-42,3.0228518486770107e-43,1.0300820602194075e-44,1.832669794030298e-36
9.999999999999999e-10,0.02477712656,0.7899999999209992,0.0,0.0,0.0,9.999999998999991e-11,6.058732237700019e-28,6.811174908515538e-36,5.888343190087642e-32,0.0,0.2099999999789998,9.46050846823983e-31,9.999999998993923e-16,1.0564766076414242e-42,0.0,6.068192746280946e-28,1.868400581711893e-34,2.6078748775176014e-35,4.175152970725062e-37,4.974125006435031e-39,1.1213184901480156e-38,5.327653155047758e-41,2.7980132072593018e-42,7.83091918709526e-44,6.811177660583942e-36
1.0485750000000002e-09,0.02477712656,0.7899999999209992,0.0,0.0,0.0,9.999999998999991e-11,6.352788595606703e-28,7.31952959430559e-36,6.173844270494158e-32,0.0,0.2099999999789998,1.016680971058784e-30,9.99999999899363e-16,1.156947372751577e-42,0.0,6.362955405439919e-28,2.0057315359731608e-34,2.776392758967331e-35,4.382407632758857e-37,5.340516311407368e-39,1.2201930558847207e-38,5.834228585859058e-41,3.0528517100701834e-42,8.525351887984235e-44,7.319532529208186e-36
2.0971510000000003e-09,0.02477712656,0.7899999999209992,0.0,0.0,0.0,9.999999998999991e-11,1.2685309271841292e-27,2.9201539768597797e-35,1.2310875836550926e-31,0.0,0.2099999999789998,4.061165171463095e-30,9.999999998987265e-16,1.8401109548760526e-41,0.0,1.2725920924535758e-27,7.396023661522486e-34,7.071853218608816e-35,8.837475706041838e-37,1.974880515130766e-38,9.701610490228222e-38,9.23774392604455e-40,2.794646670790844e-41,6.9081009318209816e-43,2.920156172562054e-35
4.194303e-09,0.02477712656,0.7899999999209992,0.0,0.0,0.0,9.999999998999991e-11,2.528984863541381e-27,1.1631985333154316e-34,2.4506494897419125e-31,0.0,0.2099999999789998,1.620033194792184e-29,9.999999998974539e-16,2.9099642355483303e-40,0.0,2.5451851962711243e-27,2.55378268093567e-33,1.615782629710605e-34,1.769046866154246e-36,6.828751751073004e-38,7.668141632383e-37,1.447897548321713e-38,2.387019555376329e-40,5.512698013646408e-42,1.1632015143979536e-34
8.388607e-09,0.02477712656,0.7899999999209992,0.0,0.0,0.0,9.999999998999991e-11,5.025922059950905e-27,4.625717314434769e-34,4.870055179638519e-31,0.0,0.2099999999789998,6.444933772702978e-29,9.999999998949084e-16,4.5517362623717615e-39,0.0,5.090371403899742e-27,7.98095058952425e-33,3.4425358770350127e-34,3.5252857902285646e-36,2.135585113318915e-37,5.992758287484191e-36,2.2252488756558357e-37,1.9429704843522824e-39,4.329036533961969e-41,4.625762974033949e-34
9.999999999999999e-09,0.02477712656,0.7899999999209992,0.0,0.0,0.0,9.999999998999991e-11,5.967139021796284e-27,7.267203612075979e-34,5.792185424897141e-31,0.0,0.2099999999789998,1.0105735088923913e-28,9.999999998939304e-16,1.708284239895596e-38,0.0,6.0681963871743014e-27,1.0672498611557158e-32,4.1395661748618045e-34,4.194641785790167e-36,2.8561911804753265e-37,1.3654132412010693e-35,8.129951155525922e-37,4.487082789681637e-39,9.878820162110918e-41,7.267374610059114e-34
1.6777215e-08,0.02477712656,0.7899999999209992,0.0,0.0,0.0,9.999999998999991e-11,9.925720021014308e-27,1.8376796714856313e-33,9.670491294489731e-31,0.0,0.2099999999789998,2.5502374885865002e-28,9.999999998898175e-16,6.978631105958104e-38,0.0,1.0180743819131063e-26,2.1992641883956742e-32,7.071144126290296e-34,7.009826842111023e-36,5.886924370593102e-37,4.5876426810306425e-35,3.296401513722983e-36,1.5187139248511176e-38,3.3220163243187697e-40,1.8377494862439698e-33
3.3554431e-08,0.02477712656,0.7899999999209992,0.0,0.0,0.0,9.99999999899999e-11,1.936292603463417e-26,7.3006480605009e-33,1.920925140117554e-30,0.0,0.2099999999789998,9.985622287965493e-28,9.999999998796357e-16,1.034319437035514e-36,0.0,2.036148864949004e-26,5.351929396925477e-32,1.4279776649434365e-33,1.3933731958019654e-35,1.4328210142916323e-36,3.3915552831842736e-34,4.575361375651675e-35,1.1346402675487087e-37,2.4588678044572957e-39,7.301682436832213e-33
6.7108863e-08,0.02477712656,0.7899999999209992,0.0,0.0,0.0,9.999999998999987e-11,3.6891164870882776e-26,2.9004942598192144e-32,3.8159039241194015e-30,0.0,0.2099999999789998,3.831810471018718e-27,9.999999998592722e-16,1.4575831272143118e-35,0.0,4.0722978309793374e-26,1.1857732377207376e-31,2.8598971335132926e-33,2.7688765075023236e-35,3.174794387555319e-36,2.3807780557143626e-33,5.717201341759353e-34,8.007047021635746e-37,1.7270972202426117e-38,2.9019518543250593e-32
9.999999999999998e-08,0.02477712656,0.7899999999209992,0.0,0.0,0.0,9.999999998999986e-11,5.178518165309752e-26,7.117646424233847e-32,5.652825306536958e-30,0.0,0.2099999999789998,8.896773551691388e-27,9.999999998393113e-16,1.0192327787329506e-34,0.0,6.068196751020195e-26,1.8206675143667684e-31,4.247918432962401e-33,4.102236795616469e-35,4.874774021358138e-36,8.892342293155018e-33,3.308085631954022e-33,2.997488918870498e-36,6.452475962863235e-38,7.127838768975784e-32
1.34217727e-07,0.02477712656,0.7899999999209992,0.0,0.0,0.0,9.999999998999983e-11,6.727991508804213e-26,1.150488793185942e-31,7.563834779515246e-30,0.0,0.2099999999789998,1.4166020521157254e-26,9.999999998185453e-16,1.927936871858493e-34,0.0,8.144595762874148e-26,2.481168823036529e-31,5.6919224482305525e-33,5.489375170654438e-35,6.643318508434549e-36,1.5666535821937796e-32,6.154816274777035e-33,5.282875483803977e-36,1.1368442224126747e-37,1.152416732333348e-31
2.68435455e-07,0.02477712656,0.7899999999209992,0.0,0.0,0.0,9.999999998999975e-11,1.1377429487672113e-25,4.540076054234853e-31,1.4898364132637623e-29,0.0,0.2099999999789998,4.9117467713782415e-26,9.999999997370915e-16,2.3791168164567922e-33,0.0,1.6289191626000356e-25,5.017807368713714e-31,1.1234055989634992e-32,1.0813266293712463e-34,1.3435371320158157e-35,9.609617803852208e-32,5.516106144336978e-32,3.2446735999586996e-35,6.9742669325394865e-37,4.5638672269491015e-31
5.36870911e-07,0.02477712656,0.7899999999209992,0.0,0.0,0.0,9.999999998999958e-11,1.7137380107011622e-25,1.7713074200237803e-30,2.8949855540373456e-29,0.0,0.2099999999789998,1.5440905641544826e-25,9.999999995741836e-16,2.714530634359183e-32,0.0,3.2578383349599105e-25,9.87765082322559e-31,2.1851674492040557e-32,2.101277692290086e-34,2.6447991527115076e-35,5.44278228197899e-31,4.0439904880664855e-31,1.8389374536913585e-34,3.9504386909897665e-36,1.7984527272761938e-30
9.999999999999997e-07,0.02477712656,0.7899999999209992,0.0,0.0,0.0,9.99999999899993e-11,2.1596088343722025e-25,6.072015746495077e-30,5.123401416840079e-29,0.0,0.2099999999789998,3.908539307033898e-25,9.999999992931204e-16,2.457479112426531e-31,0.0,6.06819678516354e-25,1.7584847509997503e-30,3.8690078867287736e-32,3.71881070834288e-34,4.7084628145161246e-35,2.476837263083685e-30,2.1409354912765635e-30,8.371022545760232e-34,1.7977825638084256e-35,6.317763659423029e-30
1.0737418230000002e-06,0.02477712656,0.7899999999209992,0.0,0.0,0.0,9.999999998999926e-11,2.230602706579643e-25,6.75679690085974e-30,5.4782213839469e-29,0.0,0.2099999999789998,4.285019137023561e-25,9.99999999248368e-16,2.8055495528433193e-31,0.0,6.515676678618196e-25,1.8812027463494496e-30,4.137117721445269e-32,3.976362730445344e-34,5.037050079049467e-35,2.7845493668414332e-30,2.417435858053713e-30,9.411095117578939e-34,2.0211339165897145e-35,7.037351857953006e-30
2.1474836470000003e-06,0.02477712656,0.7899999999209992,0.0,0.0,0.0,9.999999998999861e-11,2.529575116862255e-25,2.4725381316070335e-29,9.872238599744887e-29,0.0,0.2099999999789998,1.0501507602603514e-24,9.99999998596737e-16,2.571572788620749e-30,0.0,1.3031353361688912e-24,3.400917080131758e-30,7.457334559967482e-32,7.165833797443407e-34,9.106206965044147e-35,1.2587232340807963e-29,1.1901070974702662e-29,4.254848746063783e-33,9.136465236085339e-35,2.7296954108241516e-29
4.294967295e-06,0.02477712656,0.7899999999209992,0.0,0.0,0.0,9.999999998999731e-11,2.6306610234417274e-25,8.433121713332107e-29,1.6374217899630305e-28,0.0,0.2099999999789998,2.343085052522261e-24,9.999999972934747e-16,2.066970633021389e-29,0.0,2.60627067108469e-24,5.649690959586526e-30,1.2370374289895004e-31,1.188540448566127e-33,1.512747919576296e-34,4.971707520304387e-29,4.911226874722354e-29,1.6807106864603505e-32,3.608754446608008e-34,1.0500092347011787e-28
8.589934591e-06,0.02477712656,0.7899999999209992,0.0,0.0,0.0,9.99999999899947e-11,2.6493281009321837e-25,2.5912964616683438e-28,2.4009289747090976e-28,0.0,0.2099999999789998,4.947121825950653e-24,9.999999946869503e-16,1.4459351294254881e-28,0.0,5.2125413341229154e-24,8.290356108848449e-30,1.8139603873277842e-31,1.7427449397177433e-33,2.219807169914659e-34,1.7021449197049544e-28,1.718312946025816e-28,5.754401526661765e-32,1.2355210131200698e-33,4.037231591185673e-28
9.999999999999997e-06,0.02477712656,0.7899999999209992,0.0,0.0,0.0,9.999999998999385e-11,2.6496247481311646e-25,3.3168471551157424e-28,2.5050957524938167e-28,0.0,0.2099999999789998,5.802517777183059e-24,9.999999938312115e-16,2.6436560944589326e-28,0.0,6.068196764306545e-24,8.650627217369391e-30,1.8926711143528393e-31,1.818356141852387e-33,2.3162726456606437e-34,2.2452920820498344e-28,2.2753995638608404e-28,7.590656431348328e-32,1.6297717010603484e-33,5.960503249630454e-28
1.7179869183e-05,0.02477712656,0.7899999999209992,0.0,0.0,0.0,9.999999998998949e-11,2.6511352369840857e-25,7.011256670686857e-28,3.035499401101378e-28,0.0,0.2099999999789998,1.0158082412920137e-23,9.999999894739012e-16,8.742295059565744e-28,0.0,1.0425082633025887e-23,1.0485080720791782e-29,2.2934558720893668e-31,2.2033585230405854e-33,2.8074622685755265e-34,5.010926603585644e-28,5.112011974977295e-28,1.6940626949128524e-31,3.637244791777776e-33,1.5753551730124747e-27
3.4359738367e-05,0.02477712656,0.7899999999209992,0.0,0.0,0.0,9.999999998997906e-11,2.6512251543919244e-25,1.682054733772911e-27,3.3683669690375006e-28,0.0,0.2099999999789998,2.0577858004270906e-23,9.999999790478034e-16,4.595924373684537e-27,0.0,2.085016512213803e-23,1.1636336142646853e-29,2.544977987227174e-31,2.4449760281467596e-33,3.1157201314675305e-34,1.2779755934249614e-27,1.310261130535314e-27,4.320536515557447e-31,9.276357272339437e-33,6.277979107182605e-27
6.8719476735e-05,0.02477712656,0.7899999999209992,0.0,0.0,0.0,9.999999998995821e-11,2.6512279823069566e-25,3.702436433053213e-27,3.4688476525467366e-28,0.0,0.2099999999789998,4.140768998930835e-23,9.99999958195608e-16,2.159727022597353e-26,0.0,4.170032966558801e-23,1.1983858529638417e-29,2.6209034196891583e-31,2.5179116169499916e-33,3.2087720348831705e-34,2.9190067733664337e-27,2.999593007308103e-27,9.86851740896848e-31,2.1188011568230232e-32,2.5299706656463243e-26
9.999999999999998e-05,0.02477712656,0.7899999999209992,0.0,0.0,0.0,9.999999998993923e-11,2.6512285201603335e-25,5.550455487412119e-27,3.4763144040102142e-28,0.0,0.2099999999789998,6.035320012466458e-23,9.999999392121235e-16,5.465843044655113e-26,0.0,6.068196517443271e-23,1.2009683028683167e-29,2.626545462662621e-31,2.5233314836888854e-33,3.215686751404556e-34,4.4284793725678125e-27,4.553758604329916e-27,1.4971727899608976e-30,3.214472986443651e-32,6.02088859228395e-26
0.000137438953471,0.02477712656,0.7899999999209992,0.0,0.0,0.0,9.99999999899165e-11,2.6512291639049213e-25,7.762307853292436e-27,3.485251190593111e-28,0.0,0.2099999999789998,8.302865431809242e-23,9.99999916491219e-16,9.422858816767972e-26,0.0,8.340065701339798e-23,1.20405917897022e-29,2.633298296768858e-31,2.529818400066128e-33,3.2239628198039285e-34,6.235133114530076e-27,6.413904388343502e-27,2.1079645548339164e-30,4.5258579112140955e-32,1.0199089599960283e-25
0.000274877906943,0.02477712656,0.7899999999209992,0.0,0.0,0.0,9.99999999898331e-11,2.6512314657148295e-25,1.5885302197725162e-26,3.486646839230083e-28,0.0,0.2099999999789998,1.6611616383103384e-22,9.99999833082448e-16,3.9391150084237637e-25,0.0,1.668013047527159e-22,1.2045418779741345e-29,2.6343528798448007e-31,2.53083145502978e-33,3.2252552850602246e-34,1.2863341225451344e-26,1.323849067632813e-26,4.34882286838871e-30,9.337035628364486e-32,4.097968028669064e-25
0.000549755813887,0.02477712656,0.7899999999209992,0.0,0.0,0.0,9.999999998966628e-11,2.6512360502905417e-25,3.2131570950222285e-26,3.4867069453273376e-28,0.0,0.2099999999789998,3.316758149989182e-22,9.99999666264934e-16,1.6087150807209432e-24,0.0,3.33602572406605e-22,1.2045626664877452e-29,2.634398297383808e-31,2.5308750840498265e-33,3.2253109479713117e-34,2.607161154169676e-26,2.6838105497892653e-26,8.814262381435627e-30,1.8924443684534913e-31,1.6408466502807341e-24
0.0009999999999999998,0.02477712656,0.7899999999209992,0.0,0.0,0.0,9.999999998939304e-11,2.6512434989705035e-25,5.874261616155121e-26,3.486707084866624e-28,0.0,0.2099999999789998,6.00857972597998e-22,9.999993930214727e-16,5.599812751732099e-24,0.0,6.068194226706242e-22,1.2045627151175152e-29,2.6343984028869407e-31,2.5308751853393832e-33,3.225311078181991e-34,4.754688097014479e-26,4.8949660952724513e-26,1.6074601121339788e-29,3.4512568866582864e-31,5.658555358546186e-24
0.001099511627775,0.02477712656,0.7899999999209992,0.0,0.0,0.0,9.999999998933264e-11,2.651245145255543e-25,6.462411004298216e-26,3.4867071157071812e-28,0.0,0.2099999999789998,6.603518106016014e-22,9.999993326300175e-16,6.481913260969225e-24,0.0,6.672049964190601e-22,1.204562725865522e-29,2.6343984262049286e-31,2.5308752077260992e-33,3.225311106960767e-34,5.229328099849567e-26,5.38366910217708e-26,1.767925954556746e-29,3.795780982397915e-31,6.546537359906103e-24
0.002199023255551,0.02477712656,0.7899999999209992,0.0,0.0,0.0,9.999999998866537e-11,2.6512630427914338e-25,1.296091451401251e-25,3.486704803844917e-28,0.0,0.2099999999789998,1.308073744058202e-21,9.999986653606295e-16,2.5859481780768447e-23,0.0,1.3344093992915652e-21,1.204561927185526e-29,2.6343966794672047e-31,2.5308735296285262e-33,3.2253089684324894e-34,1.0396833847026487e-25,1.0704281741074575e-25,3.5149514011961123e-29,7.5466874254736535e-31,2.5989090837656503e-23
0.004398046511103,0.02477712656,0.7899999999209992,0.0,0.0,0.0,9.999999998733084e-11,2.6512977020586954e-25,2.595790418856209e-25,3.486700150737254e-28,0.0,0.2099999999789998,2.5661096599789984e-21,9.999973308236345e-16,1.020268473325217e-22,0.0,2.6688164246514452e-21,1.2045603196630831e-29,2.6343931637892086e-31,2.530870152105141e-33,3.225304664165157e-34,2.0433405857865406e-25,2.103822513756729e-25,6.908106156668487e-29,1.4831873831394157e-30,1.0228642567889144e-22
0.008796093022207001,0.02477712656,0.7899999999209992,0.0,0.0,0.0,9.999999998466177e-11,2.6513627323855367e-25,5.1951814157114855e-25,3.48669084438372e-28,0.0,0.2099999999789998,4.940948472512298e-21,9.999946617567643e-16,3.9561034762785666e-22,0.0,5.3376233555268415e-21,1.2045571045703871e-29,2.6343861323287817e-31,2.5308633969580486e-33,3.2252960555024797e-34,3.937979718250373e-25,4.054597492564946e-25,1.3313484183430035e-28,2.858437741234222e-30,3.9612986037034015e-22
0.009999999999999998,0.02477712656,0.7899999999209992,0.0,0.0,0.0,9.999999998393115e-11,2.6513784354394526e-25,5.90672647231088e-25,3.486688296906233e-28,0.0,0.2099999999789998,5.521926533271321e-21,9.999939311389587e-16,5.450848418488357e-22,0.0,6.0681700067275585e-21,1.2045562244860198e-29,2.6343842075698447e-31,2.530861547835825e-33,3.2252936990076086e-34,4.401482236369047e-25,4.531833024902694e-25,1.4880489104860754e-28,3.194877537656891e-30,5.456755042581048e-22
0.017592186044415002,0.02477712656,0.7899999999209992,0.0,0.0,0.0,9.999999997932367e-11,2.651477463444933e-25,1.039393565735082e-24,3.4866722317754693e-28,0.0,0.2099999999789998,9.185742431316867e-21,9.999893236514946e-16,1.4877142891013917e-21,0.0,1.0675208750043047e-20,1.204550674419134e-29,2.634372069482591e-31,2.530849886735592e-33,3.2252788382685315e-34,7.324463342486432e-25,7.541418495663713e-25,2.476247593230278e-28,5.316564324345824e-30,1.4887536419138219e-21
0.035184372088831004,0.02477712656,0.7899999999209992,0.0,0.0,0.0,9.999999996864757e-11,2.651657390239801e-25,2.0791333133527908e-24,3.4866350069557707e-28,0.0,0.2099999999789998,1.6043871311468994e-20,9.99978647554756e-16,5.30353145890097e-21,0.0,2.1350265748842897e-20,1.2045378142537116e-29,2.6343439440900135e-31,2.530822866578705e-33,3.2252444041676882e-34,1.279585757382995e-24,1.3174923464051346e-24,4.326011370653393e-28,9.288052481115813e-30,5.305610299473386e-21
0.070368744177663,0.02477712656,0.7899999999209992,0.0,0.0,0.0,9.999999994729583e-11,2.6518829785481433e-25,4.158568406693317e-24,3.486560558902082e-28,0.0,0.2099999999789998,2.5338053625819988e-20,9.999572958160544e-16,1.7357501539812536e-20,0.0,4.269992501526387e-20,1.2045120944706869e-29,2.6342876945029497e-31,2.5307688274159386e-33,3.2251755374328333e-34,2.0210727806260855e-24,2.080948725718943e-24,6.832823673022789e-28,1.4670239921273076e-29,1.7361658166344707e-20
0.09999999999999998,0.02477712656,0.7899999999209992,0.0,0.0,0.0,9.999999992931478e-11,2.6519570778170645e-25,5.909733435454631e-24,3.486497863582736e-28,0.0,0.2099999999789998,2.9348608657207497e-20,9.999393147673765e-16,3.132559045896468e-20,0.0,6.06792225280614e-20,1.2044904349385656e-29,2.634240324751165e-31,2.5307233191400474e-33,3.2251175423379973e-34,2.34103363817397e-24,2.4103896332564662e-24,7.914544308496351e-28,1.6992720632134625e-29,3.133149420793729e-20
0.140737488355327,0.02477712656,0.7899999999209992,0.0,0.0,0.0,9.999999990459418e-11,2.6520589505869155e-25,8.317260993353242e-24,3.4864116691312725e-28,0.0,0.2099999999789998,3.486237897693812e-20,9.999145941559546e-16,5.052912550661475e-20,0.0,8.53974264224917e-20,1.2044606570937497e-29,2.6341752001164454e-31,2.5306607536898924e-33,3.2250378098246435e-34,2.780920553081291e-24,2.8633098609729488e-24,9.40170982235562e-28,2.0185701431918087e-29,5.0537431225335094e-20
0.281474976710655,0.02477712656,0.7899999999209992,0.0,0.0,0.0,9.999999981919817e-11,2.6520317021183137e-25,1.6633935827011526e-23,3.486113914917234e-28,0.0,0.2099999999789998,4.1421664340414863e-20,9.99829198099608e-16,1.2935646838789845e-19,0.0,1.7078516609431971e-19,1.2043577910898669e-29,2.633950230479815e-31,2.5304446246221796e-33,3.224762378037051e-34,3.3042183611922876e-24,3.402112345266641e-24,1.1170870093616715e-27,2.3984131885843773e-29,1.2937304163266674e-19
0.562949953421311,0.02477712656,0.7899999999209992,0.0,0.0,0.0,9.999999964843533e-11,2.65166166194058e-25,3.326444461885229e-23,3.4855185077548274e-28,0.0,0.2099999999789998,4.4145261997466175e-20,9.996584350295204e-16,2.973786433234872e-19,0.0,3.4153160567327764e-19,1.2041520940666439e-29,2.63350036771832e-31,2.530012439991859e-33,3.2242116081357216e-34,3.521506213559393e-24,3.625838172645882e-24,1.190547480603768e-27,2.556134620416714e-29,2.9741162114244226e-19
0.9999999999999998,0.02477712656,0.7899999999209992,0.0,0.0,0.0,9.999999938338008e-11,2.6509735221673257e-25,5.9078043972632e-23,3.484594325256422e-28,0.0,0.2099999999789998,4.462581218404671e-20,9.99393379028309e-16,5.619274504598023e-19,0.0,6.065617932851872e-19,1.2038328140833991e-29,2.632802097161451e-31,2.5293416091778534e-33,3.2233567109567895e-34,3.559844463291192e-24,3.665312339531616e-24,1.2035088397473414e-27,2.583962976101645e-29,5.619854893459395e-19
1.1258999068426232,0.02477712656,0.7899999999209992,0.0,0.0,0.0,9.999999930702628e-11,2.6507752914749244e-25,6.651410256444487e-23,3.4843280983303164e-28,0.0,0.2099999999789998,4.476424306672779e-20,9.993170250131984e-16,6.381353594499058e-19,0.0,6.829083723372381e-19,1.2037408399022684e-29,2.632600948119713e-31,2.5291483646337752e-33,3.2231104428782708e-34,3.570888466392273e-24,3.676683563428075e-24,1.2072425858514867e-27,2.591979420478537e-29,6.382006176145864e-19
2.2517998136852473,0.02477712656,0.7899999999209992,0.0,0.0,0.0,9.999999862467443e-11,2.648967637649051e-25,1.3296801079267602e-22,3.4819488979763006e-28,0.0,0.2099999999789998,4.481181448424339e-20,9.98634669158723e-16,1.3203731726069448e-18,0.0,1.3651977729046213e-18,1.2029188907196384e-29,2.6308033317842276e-31,2.5274213887248827e-33,3.22090960952093e-34,3.574683965194898e-24,3.680591522307883e-24,1.208525764492612e-27,2.59473443645972e-29,1.3205008762110274e-18
4.5035996273704955,0.02477712656,0.7899999999209992,0.0,0.0,0.0,9.99999972618332e-11,2.645352651151017e-25,2.6569444337892093e-22,3.477196962508147e-28,0.0,0.2099999999789998,4.475562430506104e-20,9.972718116558563e-16,2.6831378797422452e-18,0.0,2.7279225493391233e-18,1.2012772259193754e-29,2.627212983956519e-31,2.5239721297920382e-33,3.216513923351585e-34,3.57020166061124e-24,3.675976420652127e-24,1.2070103912106453e-27,2.591480892881928e-29,2.6833820408400785e-18
9.007199254740993,0.02477712656,0.7899999999209992,0.0,0.0,0.0,9.999999454358036e-11,2.6381420022936714e-25,5.30423742001654e-22,3.4677188828221304e-28,0.0,0.2099999999789998,4.463379051781414e-20,9.945534934825256e-16,5.401247857273066e-18,0.0,5.4459759933721366e-18,1.1980028064961948e-29,2.620051775005008e-31,2.5170923328667016e-33,3.2077464087110807e-34,3.5604828569063615e-24,3.6659696768947565e-24,1.2037246672720501e-27,2.584426363055022e-29,5.4016914269301114e-18
9.999999999999998,0.02477712656,0.7899999999209992,0.0,0.0,0.0,9.999999394761017e-11,2.6365610465139133e-25,5.884649820665683e-22,3.4656407876186547e-28,0.0,0.2099999999789998,4.4607043178733574e-20,9.939574946510134e-16,5.997186742659782e-18,0.0,6.041916783644324e-18,1.1972848809751086e-29,2.6184816601224355e-31,2.515583918349727e-33,3.205824106860452e-34,3.558349194471552e-24,3.663772800206688e-24,1.2030033206997921e-27,2.5828776142847004e-29,5.997659696842969e-18
18.014398509481985,0.02477712656,0.7899999999209992,0.0,0.0,0.0,9.999998913663224e-11,2.6237987579022695e-25,1.0570037398042862e-21,3.448865333751571e-28,0.0,0.2099999999789998,4.43911248935353e-20,9.891462853829574e-16,1.0807912094744056e-17,0.0,1.0852657512944367e-17,1.1914894167255216e-29,2.6058068848115844e-31,2.503407220140895e-33,3.1903062971085725e-34,3.541125173318322e-24,3.6460384810711986e-24,1.1971802399646775e-27,2.570375317226907e-29,1.0808622255943497e-17
36.02879701896397,0.02477712656,0.7899999999209992,0.0,0.0,0.0,9.999997843969322e-11,2.595421180755105e-25,2.0987733309675922e-21,3.411564286255269e-28,0.0,0.20999999997899976,4.3911014798629284e-20,9.784483230013034e-16,2.1504289531101844e-17,0.0,2.1549578125011102e-17,1.1786029166671747e-29,2.5776238979534633e-31,2.4763317322384745e-33,3.1558016832137893e-34,3.502826302833078e-24,3.606604925707818e-24,1.184232194156137e-27,2.542575545528723e-29,2.1505018095505185e-17
72.05759403792794,0.02477712656,0.7899999999209992,0.0,0.0,0.0,9.99999575036743e-11,2.539875512570646e-25,4.137721840713348e-21,3.338552006300407e-28,0.0,0.2099999999789997,4.2971257424704416e-20,9.575083514855404e-16,4.24392094111173e-17,0.0,4.248751069227202e-17,1.1533791545197007e-29,2.5224591166788015e-31,2.423334745951646e-33,3.088263083133724e-34,3.4278609014937334e-24,3.529418516119256e-24,1.158887962373338e-27,2.4881608587222425e-29,4.243802432167875e-17
99.99999999999999,0.024777126559999998,0.7899999999209992,0.0,0.0,0.0,9.999994194713333e-11,2.4985948816934013e-25,5.652765659957032e-21,3.2842904756208694e-28,0.0,0.20999999997899968,4.2272845126991955e-20,9.419460980764198e-16,5.799493387993595e-17,0.0,5.804824905757888e-17,1.1346332676022581e-29,2.481461554715039e-31,2.383948253719057e-33,3.0380695016901217e-34,3.372147842302985e-24,3.472054839952662e-24,1.1400525441639769e-27,2.4477207541842517e-29,5.798955140830665e-17
144.11518807585588,0.024777126559999998,0.7899999999209992,0.0,0.0,0.0,9.999991738662368e-11,2.433421438951514e-25,8.044701526890589e-21,3.198622919489132e-28,0.0,0.20999999997899962,4.117019885129555e-20,9.173765697058367e-16,8.255415442556861e-17,0.0,8.261538549230396e-17,1.105037450830638e-29,2.4167350183123427e-31,2.3217652579223687e-33,2.958824382691031e-34,3.284188627630589e-24,3.381489647884135e-24,1.110315376293707e-27,2.3838743259302826e-29,8.254214516936601e-17
